id,ko,,jp,cn,ru,fr
ui.button.name.character,홈ss,,,,,
ui.button.name.inventory,인벤토리,,,,,
ui.button.name.wear,장착,,,,,
ui.button.name.release,해제,,,,,
ui.button.name.new,신규,,,,,
ui.button.name.levelup,강화,,,,,
ui.button.name.level_exodus,전승 받기,,,,,
ui.button.name.sale,판매,,,,,
ui.button.name.all,전체,,,,,
ui.button.name.wepshi,무기/방패,,,,,
ui.button.name.equipcost,방어구,,,,,
ui.button.name.acce,장신구,,,,,
ui.button.name.etc,기타,,,,,
ui.button.name.skill,스킬,,,,,
ui.button.name.shop,상점,,,,,
ui.button.name.smithy,대장간,,,,,
ui.button.name.equipmentEnhancement,장비 강화,,,,,
ui.button.name.stonEvolution,강화석 진화,,,,,
ui.button.name.levelTransfer,강화 레벨 전승,,,,,
ui.button.name.changeOrnamentOptions,장신구 옵션 변경,,,,,
ui.button.name.ornamentSynthesis,장신구 합성,,,,,
ui.button.name.ornamentChangeOption,장신구 옵션 변경,,,,,
ui.button.name.changeOption,옵션 변경,,,,,
ui.button.open.all,모두 오픈,,,,,
,,,,,,
txt.eq.auto.sale.reward,<{0} 장비 판매><color=#FFF666>골드 +{1}</color>,,,,,
txt.ac.auto.sale.reward,<{0} 장신구 판매><color=#FFF666>골드 +{1}</color>,,,,,
txt.eq.auto.decomp.reward,<{0} 장비 분해><color=#00DFFF>루비 +{1}</color>,,,,,
txt.ac.auto.decomp.reward,<{0} 장신구 분해><color=#00DFFF>에테르 +{1}</color>,,,,,
,,,,,,
ui.name.option,옵션,,,,,
ui.name.default.stat,기본 스탯 보기,,,,,
ui.name.combat_power,전투력,,,,,
ui.name.option_change,옵션 변경,,,,,
ui.name.stat,스탯,,,,,
ui.name.enhancement_percent,강화 성공 확률,,,,,
,,,,,,
title.attendance.book,출석부,,,,,
title.achievement,업적,,,,,
title.mail,메일,,,,,
title.setting,설정,,,,,
title.daily.product.reward,편의 기능 / 일일 상품 보상,,,,,
title.potion.auto.use,물약 자동 사용,,,,,
title.equip.piece.exchange,장비 조각 교환,,,,,
title.acce.piece.exchange,장신구 조각 교환,,,,,
title.auto.sale.decomp,장비/장신구 - 판매or분해,,,,,
,,,,,,
,,,,,,
titke.sub.shop.use.diamond,아이템 구매시 블루 다이아가 먼저 사용되고 그다음으로 고급 다이아가 사용됩니다.,,,,,
title.sub.auto.potion.use1,"<color=red>*</color> 체력을 <color=#A9855D>일반</color> 15%, <color=#58B473>중급</color> 30%, <color=#698FFF>고급</color> 60%를 회복합니다. <color=red>*</color>",,,,,
title.sub.auto.potion.use2,<color=red>*</color> 사용 HP 기준 <color=red>*</color>,,,,,
title.sub.shop.luck1,다이아 장신구 소환,,,,,
title.sub.shop.luck1-1,무료 소환 및 다이아를 사용하여 장신구를 소환합니다.,,,,,
title.sub.shop.luck1-2,고급 다이아 11회 소환,,,,,
title.sub.shop.luck1-3,다이아 11회 소환,,,,,
title.sub.shop.luck1-4,다이아 1회 소환,,,,,
title.sub.shop.luck1-5,무료 1회 소환,,,,,
title.sub.shop.luck1-6,<color=#58B473>중급</color> ~ <color=#FFA436>고대</color> 장신구가 등장합니다.,,,,,
title.sub.shop.luck1-7,보너스 1.희귀 장신구 1개 확정 지급,,,,,
title.sub.shop.luck1-8,보너스 2.영웅 장신구 조각 100개 지급,,,,,
title.sub.shop.luck1-9,보너스 3.에테르 100개 지급,,,,,
title.sub.shop.luck1-10,,,,,,
title.sub.shop.luck1-11,,,,,,
,,,,,,
,,,,,,
title.sub.shop.luck2,에테르 장신구 소환,,,,,
title.sub.shop.luck2-1,에테르를 사용하여 장신구를 소환합니다.,,,,,
title.sub.shop.luck2-2,에테르 10회 소환,,,,,
title.sub.shop.luck2-3,에테르 1회 소환,,,,,
title.sub.shop.luck2-4,<color=#58B473>중급</color> ~ <color=#FFA436>고대</color> 장신구가 등장합니다.,,,,,
title.sub.shop.luck3,루비 장비 소환,,,,,
title.sub.shop.luck3-1,루비를 사용하여 장비를 소환합니다.,,,,,
title.sub.shop.luck3-2,루비 10회 소환,,,,,
title.sub.shop.luck3-3,루비 1회 소환,,,,,
title.sub.shop.luck3-4,<color=#698FFF>고급</color> ~ <color=#FFE800>전설</color> 장비가 등장합니다.,,,,,
,,,,,,
product.name.auto.sale,장비 자동 판매/분해,,,,,
product.sub.name.auto.sale,장비를 자동으로 판매/분해시켜주는 편리한 기능입니다.,,,,,
,,,,,,
shop.purchase,구매,,,,,
shop.item.total.price,총 구매 비용,,,,,
shop.item.eq.enhant.ston,장비 강화석 구매,,,,,
shop.item.ac.enhant.ston,장신구 강화석 구매,,,,,
shop.item.enhant.blessing,강화 축복 주문서 구매,,,,,
shop.item.purchase.success,구매 완료하였습니다.,,,,,
purchase.30day,30일 구매,,,,,
purchase.7day,7일 구매,,,,,
purchase.auto.sale.video.free.1hour,1시간 구매\n광고 시청 후,,,,,
purchase.auto.sale.video.free.1hour.delay,광고 대기중 {0:00}분{1:00}초,,,,,
purchase.auto.sale.1day.ask,장비 자동판매 1일권을 구매합니다.,,,,,
purchase.auto.sale.7day.ask,장비 자동판매 7일권을 구매합니다.,,,,,
purchase.auto.sale.30day.ask,장비 자동판매 30일권을 구매합니다.,,,,,
,,,,,,
shop.item.title.gold,여기저기 많이 사용되는 재화입니다.,,,,,
shop.item.title.rt1.potion.recovert,체력을 15% 즉시 회복시켜 줍니다.,,,,,
shop.item.title.rt2.potion.recovert,체력을 30% 즉시 회복시켜 줍니다.,,,,,
shop.item.title.rt3.potion.recovert,체력을 60% 즉시 회복시켜 줍니다.,,,,,
shop.item.title.dg.ticket,던전 입장권,,,,,
shop.item.title.eq.ston,장비 강화석,,,,,
shop.item.title.ac.ston,장신구 강화석,,,,,
shop.item.title.enhant.blessing,강화 축복 주문서,,,,,
shop.item.sub.title.dg.ticket,던전을 입장하는데 사용됩니다.,,,,,
shop.item.sub.title.eq.ston,무기/방패/방어구를 강화하는데 사용됩니다.,,,,,
shop.item.sub.title.ac.ston,귀걸이/목걸이/방지를 강화하는데 사용됩니다.,,,,,
shop.item.sub.title.enhant.blessing,장비의 강화 성공 확률을 높여줍니다.,,,,,
shop.item.max.buy,1일 최대 구매량,,,,,
,,,,,,
shop.luck.free.sohwan.possible,무료 소환 가능한 상태입니다.,,,,,
shop.luck.free.sohwan,무료 소환,,,,,
shop.luck.free.sohwan.wait,무료 소환 대기시간이 존재합니다.,,,,,
,,,,,,
report.1,욕설,,,,,
report.2,광고,,,,,
report.3,불건전 닉네임,,,,,
report.4,기타,,,,,
block.date,차단 날짜,,,,,
block.ok,차단 하기,,,,,
block.release,차단 해제,,,,,
,,,,,,
text.auto.sale.purchase.popup,자동 판매 기능의 사용 가능 시간이 없습니다.\n확인 버튼을 누르시면 구매창으로 이동합니다.,,,,,
text.reward,보상 받기,,,,,
text.reset.attend,Reset : 출석 체크,,,,,
text.daily.reset,일일 미션은 다음날 출석 체크시 리셋됩니다.,,,,,
text.x1use,x1 사용,,,,,
text.enhancement_tip1,강화에 실패해도 강화레벨은 유지됩니다.,,,,,
text.enhancement_tip2,주문서 사용시 성공 확률이 증가합니다.,,,,,
text.enhancement,강화,,,,,
text.1acquisition,1개 획득,,,,,
text.ston_evolution_one,1개 진화,,,,,
text.ston_evolution_all,모두 진화,,,,,
text.level_transfer_success,레벨 이전 완료,,,,,
text.enhant_success,강화 성공,,,,,
text.enhant_failed,강화 실패,,,,,
text.ornamentOption,장신구 전용 옵션,,,,,
text.magic.option,마법석 옵션 (coming soon),,,,,
text.cancel,취소,,,,,
text.close,닫기,,,,,
text.change,변경,,,,,
text.changeConfirmation,확정,,,,,
text.changeReStore,되돌리기,,,,,
txt.acce.synthesis.release.to.confirm,해당 아이템은 현재 장착중입니다.\n장착을 해제하고 등록하시겠습니까?,,,,,
text.acceSynthesisFailTip,실패시 보너스 성공 확률이 +15%씩 증가하여 다음 합성률이 증가합니다.,,,,,
text.acceSynthesisFailPercent,성공 확률 <size=50><color=orange>{0}%</color></size> \n(보너스 성공률 <color=yellow>+{1}%</color>),,,,,
text.synthesis,합성,,,,,
text.synthesisSuccess,<color=orange>합성 성공</color>,,,,,
text.synthesisFailed,<color=red>합성 실패</color>,,,,,
text.synthesisBonusProbability,다음 합성 성공시 보너스 성공률 <size=50><color=orange>+{0}%</color></size>증가,,,,,
text.coin,골드,,,,,
text.dia,다이아,,,,,
text.ether,에테르,,,,,
text.ruby,루비,,,,,
text.exchange,교환,,,,,
text.skill,스킬,,,,,
text.equip,장비,,,,,
text.acce,장신구,,,,,
text.item,아이템,,,,,
text.normal.level.up,레벨 업,,,,,
,,,,,,
text.dungeon.pvp,PvP 배틀 아레나,,,,,
text.dungeon.top.exit,알 수 없는 탑 진행을 포기하시겠습니까?,,,,,
text.dungeon.mine.exit,광산 진행을 포기하시겠습니까?,,,,,
text.dungeon.raid.exit,레이드 진행을 포기하시겠습니까?,,,,,
text.dungeon.top.floor,{0}층,,,,,
text.dungeon.top.stage,알 수 없는 탑 <size=24>{0}층</size>,,,,,
text.dungeon.top,알 수 없는 탑,,,,,
text.dungeon.top.go,{0}층 도전,,,,,
text.dungeon.top.rego,{0}층 재도전,,,,,
text.dungeon.top.clear.in,{0}층 클리어를 하면 입장할 수 있습니다.,,,,,
text.dungeon.top.clear,이미 클리어한 던전입니다.,,,,,
text.dungeon.mine,광산,,,,,
text.dungeon.mine.stage_0,광산 <size=24>(일반)</size>,,,,,
text.dungeon.mine.stage_1,광산 <size=24>(영웅)</size>,,,,,
text.dungeon.mine.stage_2,광산 <size=24>(악몽)</size>,,,,,
text.dungeon.mine.stage_3,광산 <size=24>(지옥)</size>,,,,,
text.dungeon.mine.stage_4,광산 <size=24>(불지옥 일반)</size>,,,,,
text.dungeon.mine.stage_5,광산 <size=24>(불지옥 영웅)</size>,,,,,
text.dungeon.mine.stage_6,광산 <size=24>(불지옥 악몽)</size>,,,,,
text.dungeon.raid,레이드,,,,,
text.dungeon.raid.stage_0,레이드 <size=24>(일반)</size>,,,,,
text.dungeon.raid.stage_1,레이드 <size=24>(영웅)</size>,,,,,
text.dungeon.raid.stage_2,레이드 <size=24>(악몽)</size>,,,,,
text.dungeon.raid.stage_3,레이드 <size=24>(지옥)</size>,,,,,
text.dungeon.raid.stage_4,레이드 <size=24>(불 지옥 일반)</size>,,,,,
text.dungeon.raid.stage_5,레이드 <size=25>(불 지옥 영웅)</size>,,,,,
text.dungeon.raid.stage_6,레이드 <size=26>(불 지옥 악몽)</size>,,,,,
text.equip.sale.bunhae,장비 판매/분해,,,,,
text.sale,판매,,,,,
text.bunhae,분해,,,,,
text.item.sale.select.equip,판매할 장비 타입을 선택하세요.,,,,,
text.item.sale.select.rating,판매할 장비 등급을 선택하세요.,,,,,
text.equip.sale.question,총 <color=yellow>{0}</color>개의 장비를 모두 <color=red>판매</color>하시겠습니까?,,,,,
text.equip.bunhae.question,총 <color=yellow>{0}</color>개의 장비를 모두 <color=red>분해</color>하시겠습니까?,,,,,
text.dungeon.difficulty.nbr0,일반,,,,,
text.dungeon.difficulty.nbr1,영웅,,,,,
text.dungeon.difficulty.nbr2,악몽,,,,,
text.dungeon.difficulty.nbr3,지옥,,,,,
text.dungeon.difficulty.nbr4,불지옥 일반,,,,,
text.dungeon.difficulty.nbr5,불지옥 영웅,,,,,
text.dungeon.difficulty.nbr6,불지옥 악몽,,,,,
text.dungeon.nbr0,난이도 - 일반,,,,,
text.dungeon.nbr1,난이도 - 영웅,,,,,
text.dungeon.nbr2,난이도 - 악몽,,,,,
text.dungeon.nbr3,난이도 - 지옥,,,,,
text.dungeon.nbr4,난이도 - 불지옥 일반,,,,,
text.dungeon.nbr5,난이도 - 불지옥 영웅,,,,,
text.dungeon.nbr6,난이도 - 불지옥 악몽,,,,,
text.dungeon.rank.score.str,클리어 타임,,,,,
text.pvp.battle.arena,PvP 배틀 아레나,,,,,
text.reward.complete,보상 완료,,,,,
text.remaining.day,남은 기간,,,,,
,,,,,,
text.nickname,닉네임,,,,,
text.rank,순위,,,,,
,,,,,,
text.dg.clear.rank,클리어 랭크,,,,,
text.dg.clear.time,클리어 타임,,,,,
text.dg.clear.high.time,내 최고 기록,,,,,
text.dg.clear.time.rank,내 랭킹,,,,,
text.confirm.close.time,확인 ({0}),,,,,
text.rank.str,{0}등,,,,,
text.none.rank,순위 없음,,,,,
text.failure.dungeon,도전 실패,,,,,
text.score,점수,,,,,
text.stage,스테이지,,,,,
text.second,초,,,,,
text.rank.refresh.wait,갱신 대기중,,,,,
,,,,,,
notice.btn.name.cancel,취소,,,,,
notice.btn.name.close,닫기,,,,,
notice.btn.name.confirm,확인,,,,,
notice.btn.name.enrollment,등록,,,,,
,,,,,,
rank.title.stage.top,스테이지 (TOP50),,,,,
rank.title.stage.around,스테이지 (내 주변),,,,,
rank.title.pvp.top,PvP (TOP50),,,,,
rank.title.pvp.around,PvP (내 주변),,,,,
rank.title.combat.power.top,전투력 (TOP50),,,,,
rank.title.combat.power.around,전투력 (내 주변),,,,,
,,,,,,
str.frm.shop.item.eq.ston.buy.success,[아이템] 장비 강화석 {0} x{1}개를 구매하였습니다.,,,,,
str.frm.shop.item.ac.ston.buy.success,[아이템] 장신구 강화석 {0} x{1}개를 구매하였습니다.,,,,,
str.frm.shop.item.enhant.bles.buy.success,[아이템] 강화 축복 주문서 {0} x{1}개를 구매하였습니다.,,,,,
str.frm.shop.item.dg.top.ticket.buy.success,[아이템] 알 수 없는 탑 입장권 x{0}개를 구매하였습니다.,,,,,
str.frm.shop.item.dg.mine.ticket.buy.success,[아이템] 광산 입장권 x{0}개를 구매하였습니다.,,,,,
str.frm.shop.item.dg.raid.ticket.buy.success,[아이템] 레이드 입장권 x{0}개를 구매하였습니다.,,,,,
str.frm.shop.item.dg.pvp.ticket.buy.success,[아이템] PvP 배틀 아레나 입장권 x{0}개를 구매하였습니다.,,,,,
str.frm.shop.item.potion.buy.success,[아이템] {0} 물약 x{1}개를 구매하였습니다.,,,,,
str.frm.shop.item.gold.buy.success,"골드 {0:#,###}원을 구매하였습니다.",,,,,
,,,,,,
equip.type.0,무기,,,,,
equip.type.1,방패,,,,,
equip.type.2,헬멧,,,,,
equip.type.3,어깨,,,,,
equip.type.4,갑옷,,,,,
equip.type.5,장갑,,,,,
equip.type.6,바지,,,,,
equip.type.7,신발,,,,,
equip.type.8,목걸이,,,,,
equip.type.9,귀걸이,,,,,
equip.type.10,반지,,,,,
,,,,,,
item.rating.string.0,기본,,,,,
item.rating.string.1,일반,,,,,
item.rating.string.2,중급,,,,,
item.rating.string.3,고급,,,,,
item.rating.string.4,희귀,,,,,
item.rating.string.5,영웅,,,,,
item.rating.string.6,고대,,,,,
item.rating.string.7,전설,,,,,
item.color.rating.string.0,<color=#FFFFFF>기본</color>,,,,,
item.color.rating.string.1,<color=#A9855D>일반</color>,,,,,
item.color.rating.string.2,<color=#58B473>중급</color>,,,,,
item.color.rating.string.3,<color=#698FFF>고급</color>,,,,,
item.color.rating.string.4,<color=#C65DFF>희귀</color>,,,,,
item.color.rating.string.5,<color=#FF53AD>영웅</color>,,,,,
item.color.rating.string.6,<color=#FFA436>고대</color>,,,,,
item.color.rating.string.7,<color=#FFE800>전설</color>,,,,,
,,,,,,
goods.gold,골드,,,,,
goods.dia,블루 다이아,,,,,
goods.ether,에테르,,,,,
goods.ruby,루비,,,,,
goods.descript.gold,여기저기 많이 사용됩니다.,,,,,
goods.descript.dia,여기저기 많이 사용됩니다.,,,,,
goods.descript.ether,장신구(목걸이/귀걸이/반지)를 분해하면 얻을 수 있는 재화입니다.\n장신구 소환 및 장신구를 강화할때 사용됩니다.,,,,,
goods.descript.ruby,장비(무기/방패/방어구)를 분해하면 얻을 수 있는 재화입니다.\n장비 소환 및 장비를 강화할때 사용됩니다.,,,,,
,,,,,,
string.format.one.type.reward.confirm,보상으로 {0} x{1}개를 획득하였습니다.,,,,,
,,,,,,
text.cnvc.fun.skill,스킬,,,,,
text.cnvc.fun.posion,자동 물약,,,,,
text.cnvc.fun.speed.x2,진행 속도 x2,,,,,
text.cnvc.fun.speed.x3,진행 속도 x3,,,,,
text.cnvc.fun.sale,장비 자동 <color=red>판매</color>,,,,,
text.cnvc.fun.decomp,장비 자동 <color=red>분해</color>,,,,,
,,,,,,
item.name.item_20_1,<color=#A9855D>일반</color> 물약,,,,,
item.name.item_20_2,<color=#58B473>중급</color> 물약,,,,,
item.name.item_20_3,<color=#698FFF>고급</color> 물약,,,,,
item.name.item_21_1,<color=#A9855D>일반</color> 장비 강화석,,,,,
item.name.item_21_2,<color=#58B473>중급</color> 장비 강화석,,,,,
item.name.item_21_3,<color=#698FFF>고급</color> 장비 강화석,,,,,
item.name.item_21_4,<color=#C65DFF>희귀</color> 장비 강화석,,,,,
item.name.item_22_1,<color=#A9855D>일반</color> 강화 축복 주문서,,,,,
item.name.item_22_2,<color=#58B473>중급</color> 강화 축복 주문서,,,,,
item.name.item_22_3,<color=#698FFF>고급</color> 강화 축복 주문서,,,,,
item.name.item_23_1,<color=#FFFFFF>알 수 없는 탑 입장권</color>,,,,,
item.name.item_24_1,<color=#FFFFFF>광산 입장권</color>,,,,,
item.name.item_25_1,<color=#FFFFFF>레이드 입장권</color>,,,,,
item.name.item_26_1,<color=#FFFFFF>부활석</color>,,,,,
item.name.item_27_1,<color=#A9855D>일반</color> 장신구 강화석,,,,,
item.name.item_27_2,<color=#58B473>중급</color> 장신구 강화석,,,,,
item.name.item_27_3,<color=#698FFF>고급</color> 장신구 강화석,,,,,
item.name.item_27_4,<color=#C65DFF>희귀</color> 장신구 강화석,,,,,
item.name.item_28_1,<color=#A9855D>일반</color> 장비 조각,,,,,
item.name.item_28_2,<color=#58B473>중급</color> 장비 조각,,,,,
item.name.item_28_3,<color=#698FFF>고급</color> 장비 조각,,,,,
item.name.item_28_4,<color=#C65DFF>희귀</color> 장비 조각,,,,,
item.name.item_28_5,<color=#FF53AD>영웅</color> 장비 조각,,,,,
item.name.item_28_6,<color=#FFA436>고대</color> 장비 조각,,,,,
item.name.item_28_7,<color=#FFE800>전설</color> 장비 조각,,,,,
item.name.item_29_1,<color=#A9855D>일반</color> 장신구 조각,,,,,
item.name.item_29_2,<color=#58B473>중급</color> 장신구 조각,,,,,
item.name.item_29_3,<color=#698FFF>고급</color> 장신구 조각,,,,,
item.name.item_29_4,<color=#C65DFF>희귀</color> 장신구 조각,,,,,
item.name.item_29_5,<color=#FF53AD>영웅</color> 장신구 조각,,,,,
item.name.item_29_6,<color=#FFA436>고대</color> 장신구 조각,,,,,
item.name.item_29_7,<color=#FFE800>전설</color> 장신구 조각,,,,,
item.name.item_30_1,<color=#FFFFFF>PvP 배틀 아레나 입장권</color>,,,,,
item.name.item_31_3,<color=#698FFF>고급</color> 펫 알,,,,,
item.name.item_31_4,<color=#C65DFF>희귀</color> 펫 알,,,,,
item.name.item_31_5,<color=#FF53AD>영웅</color> 펫 알,,,,,
item.name.item_31_6,<color=#FFA436>고대</color> 펫 알,,,,,
,,,,,,
,,,,,,
,,,,,,
item.name.item.descript_20_1,체력을 15% 즉시 회복시켜줍니다.,,,,,
item.name.item.descript_20_2,체력을 30% 즉시 회복시켜줍니다.,,,,,
item.name.item.descript_20_3,체력을 60% 즉시 회복시켜줍니다.,,,,,
item.name.item.descript_21_1,"장비(무기/방패/방어구)를 강화하는데 사용되며, 강화 레벨 1~9레벨까지 사용됩니다.",,,,,
item.name.item.descript_21_2,"장비(무기/방패/방어구)를 강화하는데 사용되며, 강화 레벨 10~19레벨까지 사용됩니다.",,,,,
item.name.item.descript_21_3,"장비(무기/방패/방어구)를 강화하는데 사용되며, 강화 레벨 20~29레벨까지 사용됩니다.",,,,,
item.name.item.descript_21_4,"장비(무기/방패/방어구)를 강화하는데 사용되며, 강화 레벨 30~35레벨까지 사용됩니다.",,,,,
item.name.item.descript_22_1,장비/장신구를 강화할때 사용하면 강화 성공률이 증가합니다.,,,,,
item.name.item.descript_22_2,장비/장신구를 강화할때 사용하면 강화 성공률이 증가합니다.,,,,,
item.name.item.descript_22_3,장비/장신구를 강화할때 사용하면 강화 성공률이 증가합니다.,,,,,
item.name.item.descript_23_1,던전 : 알 수 없는 탑에 입장할 때 사용됩니다.,,,,,
item.name.item.descript_24_1,던전 : 광산에 입장할 때 사용됩니다.,,,,,
item.name.item.descript_25_1,던전 : 레이드에 입장할 때 사용됩니다.,,,,,
item.name.item.descript_26_1,,,,,,
item.name.item.descript_27_1,"장신구(목걸이/귀걸이/반지)를 강화하는데 사용되며, 강화 레벨 1~9레벨까지 사용됩니다.",,,,,
item.name.item.descript_27_2,"장신구(목걸이/귀걸이/반지)를 강화하는데 사용되며, 강화 레벨 10~19레벨까지 사용됩니다.",,,,,
item.name.item.descript_27_3,"장신구(목걸이/귀걸이/반지)를 강화하는데 사용되며, 강화 레벨 20~29레벨까지 사용됩니다.",,,,,
item.name.item.descript_27_4,"장신구(목걸이/귀걸이/반지)를 강화하는데 사용되며, 강화 레벨 30~35레벨까지 사용됩니다.",,,,,
item.name.item.descript_28_1,<color=#A9855D>일반</color> 등급의 장비(무기/방패/방어구)로 교환할 수 있습니다.,,,,,
item.name.item.descript_28_2,<color=#58B473>중급</color> 등급의 장비(무기/방패/방어구)로 교환할 수 있습니다.,,,,,
item.name.item.descript_28_3,<color=#698FFF>고급</color> 등급의 장비(무기/방패/방어구)로 교환할 수 있습니다.,,,,,
item.name.item.descript_28_4,<color=#C65DFF>희귀</color> 등급의 장비(무기/방패/방어구)로 교환할 수 있습니다.,,,,,
item.name.item.descript_28_5,<color=#FF53AD>영웅</color> 등급의 장비(무기/방패/방어구)로 교환할 수 있습니다.,,,,,
item.name.item.descript_28_6,<color=#FFA436>고대</color> 등급의 장비(무기/방패/방어구)로 교환할 수 있습니다.,,,,,
item.name.item.descript_28_7,<color=#FFE800>전설</color> 등급의 장비(무기/방패/방어구)로 교환할 수 있습니다.,,,,,
item.name.item.descript_29_1,<color=#A9855D>일반</color> 등급의 장신구(귀걸이/목걸이/반지)로 교환할 수 있습니다.,,,,,
item.name.item.descript_29_2,<color=#58B473>중급</color> 등급의 장신구(귀걸이/목걸이/반지)로 교환할 수 있습니다.,,,,,
item.name.item.descript_29_3,<color=#698FFF>고급</color> 등급의 장신구(귀걸이/목걸이/반지)로 교환할 수 있습니다.,,,,,
item.name.item.descript_29_4,<color=#C65DFF>희귀</color> 등급의 장신구(귀걸이/목걸이/반지)로 교환할 수 있습니다.,,,,,
item.name.item.descript_29_5,<color=#FF53AD>영웅</color> 등급의 장신구(귀걸이/목걸이/반지)로 교환할 수 있습니다.,,,,,
item.name.item.descript_29_6,<color=#FFA436>고대</color> 등급의 장신구(귀걸이/목걸이/반지)로 교환할 수 있습니다.,,,,,
item.name.item.descript_29_7,<color=#FFE800>전설</color> 등급의 장신구(귀걸이/목걸이/반지)로 교환할 수 있습니다.,,,,,
item.name.item.descript_30_1,PvP 배틀 아레나에 입장할 때 사용됩니다.,,,,,
item.name.item.descript_31_3,최대 <color=#698FFF>고급</color> 등급까지 소환 할 수 있습니다.\n<color=#00FFFF>[상점]->[행운 상점]에서 개봉할 수 있습니다.</color>,,,,,
item.name.item.descript_31_4,<color=#698FFF>고급</color>등급 부터 최대 <color=#C65DFF>희귀</color> 등급까지 소환 할 수 있습니다.\n<color=#00FFFF>[상점]->[행운 상점]에서 개봉할 수 있습니다.</color>,,,,,
item.name.item.descript_31_5,<color=#698FFF>고급</color>등급 부터 최대 <color=#FF53AD>영웅</color> 등급까지 소환 할 수 있습니다.\n<color=#00FFFF>[상점]->[행운 상점]에서 개봉할 수 있습니다.</color>,,,,,
item.name.item.descript_31_6,<color=#698FFF>고급</color>등급 부터 최대 <color=#FFA436>고대</color> 등급까지 소환 할 수 있습니다.\n<color=#00FFFF>[상점]->[행운 상점]에서 개봉할 수 있습니다.</color>,,,,,
,,,,,,
,,,,,,
ency.now.level,현재 도감 강화 레벨 {0}/{1},,,,,
ency.enhant.success.rate,성공률 {0}%,,,,,
ency.enhant.start,{0}/{1} [강화],,,,,
ency.enhant.success,강 화  성 공!!!,,,,,
ency.enhant.failled,강 화  실 패…,,,,,
,,,,,,
contents.reward.preview.name.gold,골드,,,,,
contents.reward.preview.name.equip_all,무기/방패/방어구,,,,,
contents.reward.preview.name.weapon_shield,무기/방패,,,,,
contents.reward.preview.name.armor,방어구,,,,,
contents.reward.preview.name.acce,장신구,,,,,
contents.reward.preview.name.skill,스킬,,,,,
contents.reward.preview.name.equip_piece,장비 조각,,,,,
contents.reward.preview.name.acce_piece,장신구 조각,,,,,
contents.reward.preview.name.ether,에테르,,,,,
contents.reward.preview.name.equip_enhant_ston,장비 강화석,,,,,
contents.reward.preview.name.acce_enhant_ston,장신구 강화석,,,,,
contents.reward.preview.name.enhant_bless,강화 축복 주문서,,,,,
contents.reward.preview.name.potion,물약,,,,,
contents.reward.preview.name.key_all,던전 입장 열쇠,,,,,
contents.reward.preview.descript.gold,여기 저기 많이 사용되는 재화입니다.※실패시에도 지급됩니다.※,,,,,
contents.reward.preview.descript.equip_all_rt1,<color=#A9855D>일반</color> 등급의 무기/방패/방어구를 획득할 수 있습니다.,,,,,
contents.reward.preview.descript.equip_all_rt2,<color=#58B473>중급</color> 등급의 무기/방패/방어구를 획득할 수 있습니다.,,,,,
contents.reward.preview.descript.equip_all_rt3,<color=#698FFF>고급</color> 등급의 무기/방패/방어구를 획득할 수 있습니다.,,,,,
contents.reward.preview.descript.equip_all_rt4,<color=#C65DFF>희귀</color> 등급의 무기/방패/방어구를 획득할 수 있습니다.,,,,,
contents.reward.preview.descript.equip_all_rt5,<color=#FF53AD>영웅</color> 등급의 무기/방패/방어구를 획득할 수 있습니다.,,,,,
contents.reward.preview.descript.equip_all_rt6,<color=#FFA436>고대</color> 등급의 무기/방패/방어구를 획득할 수 있습니다.,,,,,
contents.reward.preview.descript.equip_all_rt7,<color=#FFE800>전설</color> 등급의 무기/방패/방어구를 획득할 수 있습니다.,,,,,
contents.reward.preview.descript.acce_rt1,<color=#A9855D>일반</color> 등급의 장신구를 획득할 수 있습니다.,,,,,
contents.reward.preview.descript.acce_rt2,<color=#58B473>중급</color> 등급의 장신구를 획득할 수 있습니다.,,,,,
contents.reward.preview.descript.acce_rt3,<color=#698FFF>고급</color> 등급의 장신구를 획득할 수 있습니다.,,,,,
contents.reward.preview.descript.acce_rt4,<color=#C65DFF>희귀</color> 등급의 장신구를 획득할 수 있습니다.,,,,,
contents.reward.preview.descript.acce_rt5,<color=#FF53AD>영웅</color> 등급의 장신구를 획득할 수 있습니다.,,,,,
contents.reward.preview.descript.acce_rt6,<color=#FFA436>고대</color> 등급의 장신구를 획득할 수 있습니다.,,,,,
contents.reward.preview.descript.acce_rt7,<color=#FFE800>전설</color> 등급의 장신구를 획득할 수 있습니다.,,,,,
contents.reward.preview.descript.weapon_shield_once,무기/방패를 획득 할 수 있습니다.\n<color=#FFC500>※첫 클리어시 1회만 지급됩니다.※</color>,,,,,
contents.reward.preview.descript.armor_once,방어구를 획득 할 수 있습니다.\n<color=#FFC500>※첫 클리어시 1회만 지급됩니다.※</color>,,,,,
contents.reward.preview.descript.acce_once,장신구를 획득 할 수 있습니다.\n<color=#FFC500>※첫 클리어시 1회만 지급됩니다.※</color>,,,,,
contents.reward.preview.descript.weapon_shield,무기/방패를 획득 할 수 있습니다.,,,,,
contents.reward.preview.descript.armor,방어구를 획득 할 수 있습니다.,,,,,
contents.reward.preview.descript.acce,장신구를 획득 할 수 있습니다.,,,,,
contents.reward.preview.descript.skill,스킬을 획득할 수 있습니다.,,,,,
contents.reward.preview.descript.equip_piece,무기/방패/방어구로 교환할 수 있는 장비 조각입니다.,,,,,
contents.reward.preview.descript.equip_piece_rt1,무기/방패/방어구로 교환할 수 있는 <color=#A9855D>일반</color> 등급 장비 조각입니다.,,,,,
contents.reward.preview.descript.equip_piece_rt2,무기/방패/방어구로 교환할 수 있는 <color=#58B473>중급</color> 등급 장비 조각입니다.,,,,,
contents.reward.preview.descript.equip_piece_rt3,무기/방패/방어구로 교환할 수 있는 <color=#698FFF>고급</color> 등급 장비 조각입니다.,,,,,
contents.reward.preview.descript.equip_piece_rt4,무기/방패/방어구로 교환할 수 있는 <color=#C65DFF>희귀</color> 등급 장비 조각입니다.,,,,,
contents.reward.preview.descript.equip_piece_rt5,무기/방패/방어구로 교환할 수 있는 <color=#FF53AD>영웅</color> 등급 장비 조각입니다.,,,,,
contents.reward.preview.descript.equip_piece_rt6,무기/방패/방어구로 교환할 수 있는 <color=#FFA436>고대</color> 등급 장비 조각입니다.,,,,,
contents.reward.preview.descript.equip_piece_rt7,무기/방패/방어구로 교환할 수 있는 <color=#FFE800>전설</color> 등급 장비 조각입니다.,,,,,
contents.reward.preview.descript.equip_piece_max_rt1,무기/방패/방어구로 교환할 수 있는 장비 조각입니다.\n※<color=#A9855D>일반</color> 등급까지 획득할 수 있습니다.※,,,,,
contents.reward.preview.descript.equip_piece_max_rt2,무기/방패/방어구로 교환할 수 있는 장비 조각입니다.\n※<color=#58B473>중급</color> 등급까지 획득할 수 있습니다.※,,,,,
contents.reward.preview.descript.equip_piece_max_rt3,무기/방패/방어구로 교환할 수 있는 장비 조각입니다.\n※<color=#698FFF>고급</color> 등급까지 획득할 수 있습니다.※,,,,,
contents.reward.preview.descript.equip_piece_max_rt4,무기/방패/방어구로 교환할 수 있는 장비 조각입니다.\n※<color=#C65DFF>희귀</color> 등급까지 획득할 수 있습니다.※,,,,,
contents.reward.preview.descript.equip_piece_max_rt5,무기/방패/방어구로 교환할 수 있는 장비 조각입니다.\n※<color=#FF53AD>영웅</color> 등급까지 획득할 수 있습니다.※,,,,,
contents.reward.preview.descript.equip_piece_max_rt6,무기/방패/방어구로 교환할 수 있는 장비 조각입니다.\n※<color=#FFA436>고대</color> 등급까지 획득할 수 있습니다.※,,,,,
contents.reward.preview.descript.equip_piece_max_rt7,무기/방패/방어구로 교환할 수 있는 장비 조각입니다.\n※<color=#FFE800>전설</color> 등급까지 획득할 수 있습니다.※,,,,,
contents.reward.preview.descript.acce_piece,장신구로 교환할 수 있는 조각입니다.,,,,,
contents.reward.preview.descript.acce_piece_rt1,장신구로 교환할 수 있는 <color=#A9855D>일반</color> 등급 조각입니다.,,,,,
contents.reward.preview.descript.acce_piece_rt2,장신구로 교환할 수 있는 <color=#58B473>중급</color> 등급 조각입니다.,,,,,
contents.reward.preview.descript.acce_piece_rt3,장신구로 교환할 수 있는 <color=#698FFF>고급</color> 등급 조각입니다.,,,,,
contents.reward.preview.descript.acce_piece_rt4,장신구로 교환할 수 있는 <color=#C65DFF>희귀</color> 등급 조각입니다.,,,,,
contents.reward.preview.descript.acce_piece_rt5,장신구로 교환할 수 있는 <color=#FF53AD>영웅</color> 등급 조각입니다.,,,,,
contents.reward.preview.descript.acce_piece_rt6,장신구로 교환할 수 있는 <color=#FFA436>고대</color> 등급 조각입니다.,,,,,
contents.reward.preview.descript.acce_piece_rt7,장신구로 교환할 수 있는 <color=#FFE800>전설</color> 등급 조각입니다.,,,,,
contents.reward.preview.descript.acce_piece_max_rt1,장신구로 교환할 수 있는 장신구 조각입니다.\n※<color=#A9855D>일반</color> 등급까지 획득할 수 있습니다.※,,,,,
contents.reward.preview.descript.acce_piece_max_rt2,장신구로 교환할 수 있는 장신구 조각입니다.\n※<color=#58B473>중급</color> 등급까지 획득할 수 있습니다.※,,,,,
contents.reward.preview.descript.acce_piece_max_rt3,장신구로 교환할 수 있는 장신구 조각입니다.\n※<color=#698FFF>고급</color> 등급까지 획득할 수 있습니다.※,,,,,
contents.reward.preview.descript.acce_piece_max_rt4,장신구로 교환할 수 있는 장신구 조각입니다.\n※<color=#C65DFF>희귀</color> 등급까지 획득할 수 있습니다.※,,,,,
contents.reward.preview.descript.acce_piece_max_rt5,장신구로 교환할 수 있는 장신구 조각입니다.\n※<color=#FF53AD>영웅</color> 등급까지 획득할 수 있습니다.※,,,,,
contents.reward.preview.descript.acce_piece_max_rt6,장신구로 교환할 수 있는 장신구 조각입니다.\n※<color=#FFA436>고대</color> 등급까지 획득할 수 있습니다.※,,,,,
contents.reward.preview.descript.acce_piece_max_rt7,장신구로 교환할 수 있는 장신구 조각입니다.\n※<color=#FFE800>전설</color> 등급까지 획득할 수 있습니다.※,,,,,
contents.reward.preview.descript.ether_once,장신구를 소환할 수 있는 에테르를 보상으로 획득할 수 있습니다.\n<color=#FFC500>※첫 클리어시 1회만 지급됩니다.※</color>,,,,,
contents.reward.preview.descript.ether,장신구를 소환할 수 있는 에테르를 보상으로 획득할 수 있습니다.,,,,,
contents.reward.preview.descript.equip_enhant_ston,무기/방패/방어구를 강화하는데 필요한 강화석입니다.,,,,,
contents.reward.preview.descript.equip_enhant_ston_rt1,무기/방패/방어구를 강화하는데 필요한 <color=#A9855D>일반</color> 등급의 강화석입니다.,,,,,
contents.reward.preview.descript.equip_enhant_ston_rt2,무기/방패/방어구를 강화하는데 필요한 <color=#58B473>중급</color> 등급의 강화석입니다.,,,,,
contents.reward.preview.descript.equip_enhant_ston_rt3,무기/방패/방어구를 강화하는데 필요한 <color=#698FFF>고급</color> 등급의 강화석입니다.,,,,,
contents.reward.preview.descript.equip_enhant_ston_rt4,무기/방패/방어구를 강화하는데 필요한 <color=#C65DFF>희귀</color> 등급의 강화석입니다.,,,,,
contents.reward.preview.descript.equip_enhant_ston_rt5,무기/방패/방어구를 강화하는데 필요한 <color=#FF53AD>영웅</color> 등급의 강화석입니다.,,,,,
contents.reward.preview.descript.equip_enhant_ston_rt6,무기/방패/방어구를 강화하는데 필요한 <color=#FFA436>고대</color> 등급의 강화석입니다.,,,,,
contents.reward.preview.descript.equip_enhant_ston_rt7,무기/방패/방어구를 강화하는데 필요한 <color=#FFE800>전설</color> 등급의 강화석입니다.,,,,,
contents.reward.preview.descript.equip_enhant_ston_max_rt1,무기/방패/방어구를 강화하는데 필요한 강화석입니다.\n※<color=#A9855D>일반</color> 등급까지 획득할 수 있습니다.※,,,,,
contents.reward.preview.descript.equip_enhant_ston_max_rt2,무기/방패/방어구를 강화하는데 필요한 강화석입니다.\n※<color=#58B473>중급</color> 등급까지 획득할 수 있습니다.※,,,,,
contents.reward.preview.descript.equip_enhant_ston_max_rt3,무기/방패/방어구를 강화하는데 필요한 강화석입니다.\n※<color=#698FFF>고급</color> 등급까지 획득할 수 있습니다.※,,,,,
contents.reward.preview.descript.equip_enhant_ston_max_rt4,무기/방패/방어구를 강화하는데 필요한 강화석입니다.\n※<color=#C65DFF>희귀</color> 등급까지 획득할 수 있습니다.※,,,,,
contents.reward.preview.descript.equip_enhant_ston_max_rt5,무기/방패/방어구를 강화하는데 필요한 강화석입니다.\n※<color=#FF53AD>영웅</color> 등급까지 획득할 수 있습니다.※,,,,,
contents.reward.preview.descript.equip_enhant_ston_max_rt6,무기/방패/방어구를 강화하는데 필요한 강화석입니다.\n※<color=#FFA436>고대</color> 등급까지 획득할 수 있습니다.※,,,,,
contents.reward.preview.descript.equip_enhant_ston_max_rt7,무기/방패/방어구를 강화하는데 필요한 강화석입니다.\n※<color=#FFE800>전설</color> 등급까지 획득할 수 있습니다.※,,,,,
contents.reward.preview.descript.acce_enhant_ston,장신구를 강화하는데 필요한 강화석입니다.,,,,,
contents.reward.preview.descript.acce_enhant_ston_rt1,장신구를 강화하는데 필요한 <color=#A9855D>일반</color> 등급 강화석입니다.,,,,,
contents.reward.preview.descript.acce_enhant_ston_rt2,장신구를 강화하는데 필요한 <color=#58B473>중급</color> 등급 강화석입니다.,,,,,
contents.reward.preview.descript.acce_enhant_ston_rt3,장신구를 강화하는데 필요한 <color=#698FFF>고급</color> 등급 강화석입니다.,,,,,
contents.reward.preview.descript.acce_enhant_ston_rt4,장신구를 강화하는데 필요한 <color=#C65DFF>희귀</color> 등급 강화석입니다.,,,,,
contents.reward.preview.descript.acce_enhant_ston_rt5,장신구를 강화하는데 필요한 <color=#FF53AD>영웅</color> 등급 강화석입니다.,,,,,
contents.reward.preview.descript.acce_enhant_ston_rt6,장신구를 강화하는데 필요한 <color=#FFA436>고대</color> 등급 강화석입니다.,,,,,
contents.reward.preview.descript.acce_enhant_ston_rt7,장신구를 강화하는데 필요한 <color=#FFE800>전설</color> 등급 강화석입니다.,,,,,
contents.reward.preview.descript.acce_enhant_ston_max_rt1,장신구를 강화하는데 필요한 강화석입니다.\n※<color=#A9855D>일반</color> 등급까지 획득할 수 있습니다.※,,,,,
contents.reward.preview.descript.acce_enhant_ston_max_rt2,장신구를 강화하는데 필요한 강화석입니다.\n※<color=#58B473>중급</color> 등급까지 획득할 수 있습니다.※,,,,,
contents.reward.preview.descript.acce_enhant_ston_max_rt3,장신구를 강화하는데 필요한 강화석입니다.\n※<color=#698FFF>고급</color> 등급까지 획득할 수 있습니다.※,,,,,
contents.reward.preview.descript.acce_enhant_ston_max_rt4,장신구를 강화하는데 필요한 강화석입니다.\n※<color=#C65DFF>희귀</color> 등급까지 획득할 수 있습니다.※,,,,,
contents.reward.preview.descript.acce_enhant_ston_max_rt5,장신구를 강화하는데 필요한 강화석입니다.\n※<color=#FF53AD>영웅</color> 등급까지 획득할 수 있습니다.※,,,,,
contents.reward.preview.descript.acce_enhant_ston_max_rt6,장신구를 강화하는데 필요한 강화석입니다.\n※<color=#FFA436>고대</color> 등급까지 획득할 수 있습니다.※,,,,,
contents.reward.preview.descript.acce_enhant_ston_max_rt7,장신구를 강화하는데 필요한 강화석입니다.\n※<color=#FFE800>전설</color> 등급까지 획득할 수 있습니다.※,,,,,
contents.reward.preview.descript.enhant_bless,장비/장신구를 강화시 강화 성공률을 높여주는 주문서입니다.,,,,,
contents.reward.preview.descript.enhant_bless_rt1,장비/장신구를 강화시 강화 성공률을 높여주는 <color=#A9855D>일반</color> 등급 주문서입니다.,,,,,
contents.reward.preview.descript.enhant_bless_rt2,장비/장신구를 강화시 강화 성공률을 높여주는 <color=#58B473>중급</color> 등급 주문서입니다.,,,,,
contents.reward.preview.descript.enhant_bless_rt3,장비/장신구를 강화시 강화 성공률을 높여주는 <color=#698FFF>고급</color> 등급 주문서입니다.,,,,,
contents.reward.preview.descript.enhant_bless_rt4,장비/장신구를 강화시 강화 성공률을 높여주는 <color=#C65DFF>희귀</color> 등급 주문서입니다.,,,,,
contents.reward.preview.descript.enhant_bless_rt5,장비/장신구를 강화시 강화 성공률을 높여주는 <color=#FF53AD>영웅</color> 등급 주문서입니다.,,,,,
contents.reward.preview.descript.enhant_bless_rt6,장비/장신구를 강화시 강화 성공률을 높여주는 <color=#FFA436>고대</color> 등급 주문서입니다.,,,,,
contents.reward.preview.descript.enhant_bless_rt7,장비/장신구를 강화시 강화 성공률을 높여주는 <color=#FFE800>전설</color> 등급 주문서입니다.,,,,,
contents.reward.preview.descript.enhant_bless_max_rt1,장비/장신구를 강화시 강화 성공률을 높여주는 주문서입니다.\n※<color=#A9855D>일반</color> 등급까지 획득할 수 있습니다.※,,,,,
contents.reward.preview.descript.enhant_bless_max_rt2,장비/장신구를 강화시 강화 성공률을 높여주는 주문서입니다.\n※<color=#58B473>중급</color> 등급까지 획득할 수 있습니다.※,,,,,
contents.reward.preview.descript.enhant_bless_max_rt3,장비/장신구를 강화시 강화 성공률을 높여주는 주문서입니다.\n※<color=#698FFF>고급</color> 등급까지 획득할 수 있습니다.※,,,,,
contents.reward.preview.descript.enhant_bless_max_rt4,장비/장신구를 강화시 강화 성공률을 높여주는 주문서입니다.\n※<color=#C65DFF>희귀</color> 등급까지 획득할 수 있습니다.※,,,,,
contents.reward.preview.descript.enhant_bless_max_rt5,장비/장신구를 강화시 강화 성공률을 높여주는 주문서입니다.\n※<color=#FF53AD>영웅</color> 등급까지 획득할 수 있습니다.※,,,,,
contents.reward.preview.descript.enhant_bless_max_rt6,장비/장신구를 강화시 강화 성공률을 높여주는 주문서입니다.\n※<color=#FFA436>고대</color> 등급까지 획득할 수 있습니다.※,,,,,
contents.reward.preview.descript.enhant_bless_max_rt7,장비/장신구를 강화시 강화 성공률을 높여주는 주문서입니다.\n※<color=#FFE800>전설</color> 등급까지 획득할 수 있습니다.※,,,,,
contents.reward.preview.descript.potion,체력 회복에 도움이 되는 물약을 획득할 수 있습니다.,,,,,
contents.reward.preview.descript.key_all,던전에 입장할 수 있는 열쇠들을 획득할 수 있습니다.,,,,,
,,,,,,
skill.name_1,사일런트,,,,,
skill.name_2,3턴 폭탄,,,,,
skill.name_3,큐어 쉴드,,,,,
skill.name_4,스턴스 매셔,,,,,
skill.name_5,대미지 리플렉션,,,,,
skill.name_6,과다 출혈,,,,,
skill.name_7,스턴커스,,,,,
skill.name_8,힐링,,,,,
skill.name_9,파워 피스트,,,,,
skill.name_10,불스아이,,,,,
skill.name_11,쉴드 부스터,,,,,
skill.name_12,스턴 커터,,,,,
skill.name_13,라이프 드레인,,,,,
skill.name_14,쉴드차지,,,,,
skill.name_15,웨폰 브레이커,,,,,
skill.name_16,다크 사이트,,,,,
skill.name_17,급소 발견,,,,,
skill.name_18,라이프 이터,,,,,
skill.name_19,추풍 낙엽,,,,,
skill.name_20,바람 자르기,,,,,
skill.name_21,뱀파이어의 미소,,,,,
skill.name_22,피의 채무자,,,,,
skill.name_23,용기의 방패,,,,,
skill.name_24,그로기 슬러터,,,,,
skill.name_25,좀비의 숨결,,,,,
skill.name_26,퍼펙트 쉴드,,,,,
,,,,,,
skill.bf.label_1,,,,,,
skill.bf.label_2,,,,,,
skill.bf.label_3,"무적 보호막! 기절, 경직 저항!",,,,,
skill.bf.label_4,,,,,,
skill.bf.label_5,3회 대미지 반사! 경직 저항!,,,,,
skill.bf.label_6,,,,,,
skill.bf.label_7,,,,,,
skill.bf.label_8,체력 회복!,,,,,
skill.bf.label_9,4회 공격력 <color=yellow>▲</color>,,,,,
skill.bf.label_10,2회 명중률 <color=yellow>▲</color>,,,,,
skill.bf.label_11,2회 공격 속도 <color=yellow>▲</color>,,,,,
skill.bf.label_12,추가 피해!,,,,,
skill.bf.label_13,체력 회복!,,,,,
skill.bf.label_14,,,,,,
skill.bf.label_15,,,,,,
skill.bf.label_16,,,,,,
skill.bf.label_17,치명타 성공<color=yellow>100%</color> 치명타 대미지<color=yellow>▲</color>,,,,,
skill.bf.label_18,5회 체력 회복!,,,,,
skill.bf.label_19,,,,,,
skill.bf.label_20,,,,,,
skill.bf.label_21,,,,,,
skill.bf.label_22,디버프 모두 제거! 체력 회복!,,,,,
skill.bf.label_23,5회 방어력<color=yellow>▲</color> 회피율<color=yellow>▲</color> 치명타 방어력<color=yellow>▲</color>,,,,,
skill.bf.label_24,,,,,,
skill.bf.label_25,3회 출혈 100% 저항,,,,,
skill.bf.label_26,,,,,,
,,,,,,
skill.dbf.label_1,5회 스킬 사용 금지!,,,,,
skill.dbf.label_2,3회 폭발 대기!,,,,,
skill.dbf.label_3,,,,,,
skill.dbf.label_4,2회 기절!,,,,,
skill.dbf.label_5,,,,,,
skill.dbf.label_6,5회 출혈!,,,,,
skill.dbf.label_7,3회 경직!,,,,,
skill.dbf.label_8,,,,,,
skill.dbf.label_9,,,,,,
skill.dbf.label_10,,,,,,
skill.dbf.label_11,,,,,,
skill.dbf.label_12,,,,,,
skill.dbf.label_13,,,,,,
skill.dbf.label_14,방어력 감소 2회!,,,,,
skill.dbf.label_15,공격력 감소 2회!,,,,,
skill.dbf.label_16,명중률 감소 2회!,,,,,
skill.dbf.label_17,,,,,,
skill.dbf.label_18,,,,,,
skill.dbf.label_19,1회 경직!,,,,,
skill.dbf.label_20,3회 체력 회복시 공속 <color=red>▼</color>,,,,,
skill.dbf.label_21,스킬 발동 포인트<color=red>(●)</color>모두 삭제!,,,,,
skill.dbf.label_22,,,,,,
skill.dbf.label_23,,,,,,
skill.dbf.label_24,2회 기절 연장!,,,,,
skill.dbf.label_25,,,,,,
skill.dbf.label_26,5회 받는 피해 증가!,,,,,
,,,,,,
skill.active.en.label_1,,,,,,
skill.active.en.label_2,,,,,,
skill.active.en.label_3,SHIELD!,,,,,
skill.active.en.label_4,,,,,,
skill.active.en.label_5,DAMAGE REFLECTION!,,,,,
skill.active.en.label_6,,,,,,
skill.active.en.label_7,,,,,,
skill.active.en.label_8,HEALING!,,,,,
skill.active.en.label_9,ATTACK POWER UP!,,,,,
skill.active.en.label_10,ACCURACY UP!,,,,,
skill.active.en.label_11,DEFENSE POWER UP!,,,,,
skill.active.en.label_12,,,,,,
skill.active.en.label_13,,,,,,
skill.active.en.label_14,,,,,,
skill.active.en.label_15,,,,,,
skill.active.en.label_16,,,,,,
skill.active.en.label_17,,,,,,
skill.active.en.label_18,,,,,,
skill.active.en.label_19,,,,,,
skill.active.en.label_20,,,,,,
skill.active.en.label_21,,,,,,
skill.active.en.label_22,HEALING!,,,,,
skill.active.en.label_23,"DODGE, DEFENSE POWER UP!",,,,,
skill.active.en.label_24,,,,,,
skill.active.en.label_25,,,,,,
skill.active.en.label_26,"STAT RECOVERY, DEFENSE SKILL!",,,,,
,,,,,,
skill.active.kr.label_1,,,,,,
skill.active.kr.label_2,,,,,,
skill.active.kr.label_3,보호막,,,,,
skill.active.kr.label_4,,,,,,
skill.active.kr.label_5,대미지 반사,,,,,
skill.active.kr.label_6,,,,,,
skill.active.kr.label_7,,,,,,
skill.active.kr.label_8,남은 체력을 기준으로 회복!,,,,,
skill.active.kr.label_9,공격력 증가!,,,,,
skill.active.kr.label_10,명중력 증가!,,,,,
skill.active.kr.label_11,방어력 증가!,,,,,
skill.active.kr.label_12,,,,,,
skill.active.kr.label_13,,,,,,
skill.active.kr.label_14,,,,,,
skill.active.kr.label_15,,,,,,
skill.active.kr.label_16,,,,,,
skill.active.kr.label_17,,,,,,
skill.active.kr.label_18,,,,,,
skill.active.kr.label_19,,,,,,
skill.active.kr.label_20,,,,,,
skill.active.kr.label_21,,,,,,
skill.active.kr.label_22,이전에 피해받은 대미지를 체력으로 회복!,,,,,
skill.active.kr.label_23,"회피력, 방어력, 치명타 방어력 증가!",,,,,
skill.active.kr.label_24,,,,,,
skill.active.kr.label_25,,,,,,
skill.active.kr.label_26,감소 스탯 복구! 스킬 대미지 감소!,,,,,
,,,,,,
skill.description_1,"공격력의 {0}%의 대미지로 타격하고, 상대는 3회 공격 동안 스킬 사용 불가 상태가 됩니다.",5,,,,
skill.description_2,"상대에게 폭탄을 던지고, 자신의 3회 공격 후 폭발하여 공격력의 {0}%의 대미지를 입힙니다.",,,,,
skill.description_3,"자신의 5회 공격 동안 상대로 부터 일반 공격 대미지 피해를 {0}%감소시켜주는 보호막을 생성하고 기절, 경직을 100% 저항합니다.",bf,,,,
skill.description_4,"공격력의 {0}%의 대미지로 타격 하고, 자신의 2회 공격 동안 상대를 {1}% 확률로 기절 상태로 만듭니다.",17,,,,
skill.description_5,"자신의 5회 공격 동안 경직에 대해 100% 저항하고, 타격을 받을때마다 피해량의 {0}%를 반사합니다.",bf,,,,
skill.description_6,"공격력의 {0}%의 대미지로 타격 하고, 상대는 5회 공격 동안 내 기본 공격력의 {1}%만큼 출혈 피해를 입습니다..",6,,,,
skill.description_7,"공격력의 {0}%의 대미지로 타격 하고, 상대는 5회 공격 동안 일반 공격을 할 경우 경직 상태가 됩니다.",16,,,,
skill.description_8,현재 자신의 남은 체력을 기준으로 {0}%의 체력을 즉시 회복합니다.,bf,,,,
skill.description_9,자신의 5회 공격 동안 자신의 공격력이 {0}% 증가됩니다.,bf,,,,
skill.description_10,자신의 6회 공격 동안 자신의 명중률이 {0}% 증가됩니다.,bf,,,,
skill.description_11,자신의 7회 공격 동안 자신의 방어력이 {0}% 증가됩니다.,bf,,,,
skill.description_12,"검 끝에 기를 모아 상대에게 {0}%~{1}% 사이의 랜덤 대미지로 타격하고, 상대가 기절 상태일 경우 기본 공격력의 {2}%의 고정 대미지를 추가로 피해를 입힙니다.",25,,,,
skill.description_13,"공격력의 {0}%~{1}사이의 랜덤한 대미지로 타격 하고, 타격 대미지의 {2}%만큼 체력을 회복합니다.",23,,,,
skill.description_14,"공격력의 {0}%의 대미지로 타격 하고, 상대는 5회 공격 동안 방어력이 {1}% 감소됩니다.",10,,,,
skill.description_15,"공격력의 {0}%의 대미지로 타격 하고, 상대는 5회 공격 동안 공격력이 {1}% 감소됩니다.",36,,,,
skill.description_16,"공격력의 {0}%의 대미지로 타격 하고, 상대는 5회 공격 동안 명중률이 {1}% 감소됩니다.",40,,,,
skill.description_17,"공격력의 {0}%의 대미지로 타격 하고, 자신의 1회 공격 동안 치명타 성공률이 100%가 되고, 치명타 대미지가 {0}% 증가됩니다. (상대로 부터 효과 중복시 우선 순위)",27,,,,
skill.description_18,"공격력의 {0}%의 대미지로 타격 하고, 자신의 5회 공격 동안 최대 체력의 {1}%씩 체력을 회복합니다.",14,,,,
skill.description_19,"공격력의 {0}%의 대미지로 타격 하고, 상대는 5회 공격동안 치명타 성공률을 50% 감소, 치명타 대미지를 {0}% 감소시킵니다.",34,,,,
skill.description_20,"공격력의 {0}%~{1}%사이의 랜덤한 대미지로 타격 하고, 상대의3회 공격 동안 공격 속도를 {2}%감소 시킵니다.",29,,,,
skill.description_21,"공격력의 {0}%~{1}%사이의 랜덤한 대미지로 타격하고, 상대가 출혈 상태일 경우 상대의 스킬 발동 포인트를 모두 빼앗아 옵니다.",22,,,,
skill.description_22,"자신에게 걸린 방해 요소를 모두 제거하고, 이전에 공격받은 대미지의 {0}%를 체력으로 회복합니다.",bf,,,,
skill.description_23,"상대가 5회 공격 동안 자신의 체력이 30% 이하일 때 방어력이 {0}% 증가, 회피율이 {1}%증가, 치명타 방어력이 {2}% 증가합니다.",bf,,,,
skill.description_24,"공격력의 {0}%의 대미지로 타격 하고, 상대가 기절 상태일 경우 기절을 3회 더 연장시킵니다.",28,,,,
skill.description_25,"공격력의 {0}%의 대미지로 타격하고, 자신의 3회 공격 동안 출혈에 100% 저항합니다.",1,,,,
skill.description_26,"자신의 스탯이 감소되는 스킬을 무력화 시키고, 자신은 상대로 부터 받는 스킬 대미지를 {0}% 감소 시킵니다. (상대 공격 4회 동안)",,,,,
,,,,,,
stat.name.id_0,공격 속도,,,,,
stat.name.id_1,공격력,,,,,
stat.name.id_2,방어력,,,,,
stat.name.id_3,명중률,,,,,
stat.name.id_4,치명타 공격력,,,,,
stat.name.id_5,체력,,,,,
stat.name.id_6,치명타 성공률,,,,,
stat.name.id_7,회피율,,,,,
stat.name.id_8,치명타 방어력,,,,,
stat.name.id_9,치명타 회피율,,,,,
,,,,,,
acce.option.id_1,PvE피해량 증가,,,,,
acce.option.id_2,PvP피해량 증가,,,,,
acce.option.id_3,PvE피해량 감소,,,,,
acce.option.id_4,PvP피해량 감소,,,,,
acce.option.id_5,골드 획득량 증가,,,,,
acce.option.id_6,장비 드랍률 증가,,,,,
acce.option.id_7,보스 몬스터 피해량 증가,,,,,
acce.option.id_8,최대 체력의 {0}%를 회복 (확률 발동),,,,,
acce.option.id_9,스킬 포인트 추가 획득 (확률 발동),,,,,
acce.option.id_10,상대 스킬 포인트 차감 (확률 발동),,,,,
,,,,,,
equip.name.rating0_0,훈련병의,,,,,
equip.name.rating1_1,견습기사의,,,,,
equip.name.rating2_1,기사단의,,,,,
equip.name.rating2_2,푸른 미늘의,,,,,
equip.name.rating3_1,기사 단장의,,,,,
equip.name.rating3_2,녹슬어 버린,,,,,
equip.name.rating3_3,고결한 왕의,,,,,
equip.name.rating4_1,빛나는 판금의,,,,,
equip.name.rating4_2,검은 그림자의,,,,,
equip.name.rating4_3,오시리스의,,,,,
equip.name.rating4_4,바싸고의,,,,,
equip.name.rating5_1,붉은 그림자의,,,,,
equip.name.rating5_2,호루스의,,,,,
equip.name.rating5_3,아가레스의,,,,,
equip.name.rating5_4,은기사의,,,,,
equip.name.rating6_1,야누스의,,,,,
equip.name.rating6_2,바알의,,,,,
equip.name.rating6_3,크로노스의,,,,,
equip.name.rating7_1,가이아의,,,,,
equip.name.rating7_2,우라노스의,,,,,
,,,,,,
equip.name.type0,검,,,,,
equip.name.type1,방패,,,,,
equip.name.type2,투구,,,,,
equip.name.type3,숄더 아머,,,,,
equip.name.type4,바디 아머,,,,,
equip.name.type5,건틀릿,,,,,
equip.name.type6,레그 아머,,,,,
equip.name.type7,그리브,,,,,
equip.name.type8,목걸이,,,,,
equip.name.type9,귀걸이,,,,,
equip.name.type10,반지,,,,,
,,,,,,
offline.reward.name.qst_gold,골드,,,,,
offline.reward.name.ruby,루비,,,,,
offline.reward.name.ether,에테르,,,,,
offline.reward.name.piece_equip_rt5,영웅 장비 조각,,,,,
offline.reward.name.piece_equip_rt6,고대 장비 조각,,,,,
offline.reward.name.piece_equip_rt7,전설 장비 조각,,,,,
offline.reward.name.piece_acce_rt5,영웅 장신구 조각,,,,,
,,,,,,
chat.drop.msg.equip,<color={0}>{1}님이 {2} 등급 [{3}]을(를) 획득하였습니다.</color>,,,,,
chat.notification,<color=#00FF22>[공지] {0}</color>,,,,,
,,,,,,
notif.ad.video.delay,광고 대기 시간이 있습니다. 잠시후에 다시 시도해주세요.,,,,,
ask.ad.video.blue.dia10,짧은 광고 시청 후\n다이아 10~25개를 랜덤으로 획득합니다!,,,,,
ask.ad.video.acce.sohawan.re.time,짧은 광고 시청 후\n장신구 무료 소환 대기 시간을 {0}분 단축합니다.,,,,,
ask.ad.video.equip.sohawan.re.time,짧은 광고 시청 후\n장비 무료 소환 대기 시간을 {0}분 단축합니다.,,,,,
ask.ad.video.auto.sale.1hour,짧은 광고 시청 후\n자동 판매/분해 1시간이 증가합니다.,,,,,
,,,,,,
ad.video.minute.reduce,광고 시청 후 {0}분 단축,,,,,
